datetime_beginning_utc,datetime_beginning_ept,nerc_region,mkt_region,zone,load_area,mw,is_verified
2/1/2023 5:00:00 AM,2/1/2023 12:00:00 AM,SERC,SOUTH,DOM,DOM,12990.588,True
2/1/2023 6:00:00 AM,2/1/2023 1:00:00 AM,SERC,SOUTH,DOM,DOM,12835.703,True
2/1/2023 7:00:00 AM,2/1/2023 2:00:00 AM,SERC,SOUTH,DOM,DOM,12833.677,True
2/1/2023 8:00:00 AM,2/1/2023 3:00:00 AM,SERC,SOUTH,DOM,DOM,13072.029,True
2/1/2023 9:00:00 AM,2/1/2023 4:00:00 AM,SERC,SOUTH,DOM,DOM,13483.355,True
2/1/2023 10:00:00 AM,2/1/2023 5:00:00 AM,SERC,SOUTH,DOM,DOM,14337.660,True
2/1/2023 11:00:00 AM,2/1/2023 6:00:00 AM,SERC,SOUTH,DOM,DOM,15492.051,True
2/1/2023 12:00:00 PM,2/1/2023 7:00:00 AM,SERC,SOUTH,DOM,DOM,16129.899,True
2/1/2023 1:00:00 PM,2/1/2023 8:00:00 AM,SERC,SOUTH,DOM,DOM,16347.447,True
2/1/2023 2:00:00 PM,2/1/2023 9:00:00 AM,SERC,SOUTH,DOM,DOM,16123.521,True
2/1/2023 3:00:00 PM,2/1/2023 10:00:00 AM,SERC,SOUTH,DOM,DOM,15798.568,True
2/1/2023 4:00:00 PM,2/1/2023 11:00:00 AM,SERC,SOUTH,DOM,DOM,15444.970,True
2/1/2023 5:00:00 PM,2/1/2023 12:00:00 PM,SERC,SOUTH,DOM,DOM,15198.076,True
2/1/2023 6:00:00 PM,2/1/2023 1:00:00 PM,SERC,SOUTH,DOM,DOM,14851.219,True
2/1/2023 7:00:00 PM,2/1/2023 2:00:00 PM,SERC,SOUTH,DOM,DOM,14583.992,True
2/1/2023 8:00:00 PM,2/1/2023 3:00:00 PM,SERC,SOUTH,DOM,DOM,14518.630,True
2/1/2023 9:00:00 PM,2/1/2023 4:00:00 PM,SERC,SOUTH,DOM,DOM,14928.100,True
2/1/2023 10:00:00 PM,2/1/2023 5:00:00 PM,SERC,SOUTH,DOM,DOM,15866.166,True
2/1/2023 11:00:00 PM,2/1/2023 6:00:00 PM,SERC,SOUTH,DOM,DOM,16502.529,True
2/2/2023 12:00:00 AM,2/1/2023 7:00:00 PM,SERC,SOUTH,DOM,DOM,16532.761,True
2/2/2023 1:00:00 AM,2/1/2023 8:00:00 PM,SERC,SOUTH,DOM,DOM,16406.386,True
2/2/2023 2:00:00 AM,2/1/2023 9:00:00 PM,SERC,SOUTH,DOM,DOM,16032.428,True
2/2/2023 3:00:00 AM,2/1/2023 10:00:00 PM,SERC,SOUTH,DOM,DOM,15414.627,True
2/2/2023 4:00:00 AM,2/1/2023 11:00:00 PM,SERC,SOUTH,DOM,DOM,14834.305,True
2/2/2023 5:00:00 AM,2/2/2023 12:00:00 AM,SERC,SOUTH,DOM,DOM,14504.833,True
2/2/2023 6:00:00 AM,2/2/2023 1:00:00 AM,SERC,SOUTH,DOM,DOM,14332.128,True
2/2/2023 7:00:00 AM,2/2/2023 2:00:00 AM,SERC,SOUTH,DOM,DOM,14236.661,True
2/2/2023 8:00:00 AM,2/2/2023 3:00:00 AM,SERC,SOUTH,DOM,DOM,14304.806,True
2/2/2023 9:00:00 AM,2/2/2023 4:00:00 AM,SERC,SOUTH,DOM,DOM,14485.392,True
2/2/2023 10:00:00 AM,2/2/2023 5:00:00 AM,SERC,SOUTH,DOM,DOM,15237.432,True
2/2/2023 11:00:00 AM,2/2/2023 6:00:00 AM,SERC,SOUTH,DOM,DOM,16319.832,True
2/2/2023 12:00:00 PM,2/2/2023 7:00:00 AM,SERC,SOUTH,DOM,DOM,16932.685,True
2/2/2023 1:00:00 PM,2/2/2023 8:00:00 AM,SERC,SOUTH,DOM,DOM,16997.212,True
2/2/2023 2:00:00 PM,2/2/2023 9:00:00 AM,SERC,SOUTH,DOM,DOM,16847.132,True
2/2/2023 3:00:00 PM,2/2/2023 10:00:00 AM,SERC,SOUTH,DOM,DOM,16583.950,True
2/2/2023 4:00:00 PM,2/2/2023 11:00:00 AM,SERC,SOUTH,DOM,DOM,16135.064,True
2/2/2023 5:00:00 PM,2/2/2023 12:00:00 PM,SERC,SOUTH,DOM,DOM,15627.029,True
2/2/2023 6:00:00 PM,2/2/2023 1:00:00 PM,SERC,SOUTH,DOM,DOM,15304.671,True
2/2/2023 7:00:00 PM,2/2/2023 2:00:00 PM,SERC,SOUTH,DOM,DOM,15025.839,True
2/2/2023 8:00:00 PM,2/2/2023 3:00:00 PM,SERC,SOUTH,DOM,DOM,15127.116,True
2/2/2023 9:00:00 PM,2/2/2023 4:00:00 PM,SERC,SOUTH,DOM,DOM,15496.342,True
2/2/2023 10:00:00 PM,2/2/2023 5:00:00 PM,SERC,SOUTH,DOM,DOM,16044.005,True
2/2/2023 11:00:00 PM,2/2/2023 6:00:00 PM,SERC,SOUTH,DOM,DOM,16138.099,True
2/3/2023 12:00:00 AM,2/2/2023 7:00:00 PM,SERC,SOUTH,DOM,DOM,15992.478,True
2/3/2023 1:00:00 AM,2/2/2023 8:00:00 PM,SERC,SOUTH,DOM,DOM,15686.892,True
2/3/2023 2:00:00 AM,2/2/2023 9:00:00 PM,SERC,SOUTH,DOM,DOM,15148.815,True
2/3/2023 3:00:00 AM,2/2/2023 10:00:00 PM,SERC,SOUTH,DOM,DOM,14405.235,True
2/3/2023 4:00:00 AM,2/2/2023 11:00:00 PM,SERC,SOUTH,DOM,DOM,13825.374,True
2/3/2023 5:00:00 AM,2/3/2023 12:00:00 AM,SERC,SOUTH,DOM,DOM,13363.545,True
2/3/2023 6:00:00 AM,2/3/2023 1:00:00 AM,SERC,SOUTH,DOM,DOM,13188.968,True
2/3/2023 7:00:00 AM,2/3/2023 2:00:00 AM,SERC,SOUTH,DOM,DOM,13095.958,True
2/3/2023 8:00:00 AM,2/3/2023 3:00:00 AM,SERC,SOUTH,DOM,DOM,13175.053,True
2/3/2023 9:00:00 AM,2/3/2023 4:00:00 AM,SERC,SOUTH,DOM,DOM,13446.379,True
2/3/2023 10:00:00 AM,2/3/2023 5:00:00 AM,SERC,SOUTH,DOM,DOM,14225.772,True
2/3/2023 11:00:00 AM,2/3/2023 6:00:00 AM,SERC,SOUTH,DOM,DOM,15296.752,True
2/3/2023 12:00:00 PM,2/3/2023 7:00:00 AM,SERC,SOUTH,DOM,DOM,16012.851,True
2/3/2023 1:00:00 PM,2/3/2023 8:00:00 AM,SERC,SOUTH,DOM,DOM,16056.227,True
2/3/2023 2:00:00 PM,2/3/2023 9:00:00 AM,SERC,SOUTH,DOM,DOM,15775.991,True
2/3/2023 3:00:00 PM,2/3/2023 10:00:00 AM,SERC,SOUTH,DOM,DOM,15465.720,True
2/3/2023 4:00:00 PM,2/3/2023 11:00:00 AM,SERC,SOUTH,DOM,DOM,15102.741,True
2/3/2023 5:00:00 PM,2/3/2023 12:00:00 PM,SERC,SOUTH,DOM,DOM,14816.641,True
2/3/2023 6:00:00 PM,2/3/2023 1:00:00 PM,SERC,SOUTH,DOM,DOM,14611.556,True
2/3/2023 7:00:00 PM,2/3/2023 2:00:00 PM,SERC,SOUTH,DOM,DOM,14478.348,True
2/3/2023 8:00:00 PM,2/3/2023 3:00:00 PM,SERC,SOUTH,DOM,DOM,14691.360,True
2/3/2023 9:00:00 PM,2/3/2023 4:00:00 PM,SERC,SOUTH,DOM,DOM,15648.352,True
2/3/2023 10:00:00 PM,2/3/2023 5:00:00 PM,SERC,SOUTH,DOM,DOM,17032.937,True
2/3/2023 11:00:00 PM,2/3/2023 6:00:00 PM,SERC,SOUTH,DOM,DOM,17806.351,True
2/4/2023 12:00:00 AM,2/3/2023 7:00:00 PM,SERC,SOUTH,DOM,DOM,17992.557,True
2/4/2023 1:00:00 AM,2/3/2023 8:00:00 PM,SERC,SOUTH,DOM,DOM,18070.056,True
2/4/2023 2:00:00 AM,2/3/2023 9:00:00 PM,SERC,SOUTH,DOM,DOM,18008.083,True
2/4/2023 3:00:00 AM,2/3/2023 10:00:00 PM,SERC,SOUTH,DOM,DOM,17770.937,True
2/4/2023 4:00:00 AM,2/3/2023 11:00:00 PM,SERC,SOUTH,DOM,DOM,17534.949,True
2/4/2023 5:00:00 AM,2/4/2023 12:00:00 AM,SERC,SOUTH,DOM,DOM,17452.822,True
2/4/2023 6:00:00 AM,2/4/2023 1:00:00 AM,SERC,SOUTH,DOM,DOM,17512.090,True
2/4/2023 7:00:00 AM,2/4/2023 2:00:00 AM,SERC,SOUTH,DOM,DOM,17658.584,True
2/4/2023 8:00:00 AM,2/4/2023 3:00:00 AM,SERC,SOUTH,DOM,DOM,17950.814,True
2/4/2023 9:00:00 AM,2/4/2023 4:00:00 AM,SERC,SOUTH,DOM,DOM,18243.421,True
2/4/2023 10:00:00 AM,2/4/2023 5:00:00 AM,SERC,SOUTH,DOM,DOM,18608.163,True
2/4/2023 11:00:00 AM,2/4/2023 6:00:00 AM,SERC,SOUTH,DOM,DOM,19245.431,True
2/4/2023 12:00:00 PM,2/4/2023 7:00:00 AM,SERC,SOUTH,DOM,DOM,19531.069,True
2/4/2023 1:00:00 PM,2/4/2023 8:00:00 AM,SERC,SOUTH,DOM,DOM,19074.758,True
2/4/2023 2:00:00 PM,2/4/2023 9:00:00 AM,SERC,SOUTH,DOM,DOM,18166.138,True
2/4/2023 3:00:00 PM,2/4/2023 10:00:00 AM,SERC,SOUTH,DOM,DOM,17213.821,True
2/4/2023 4:00:00 PM,2/4/2023 11:00:00 AM,SERC,SOUTH,DOM,DOM,16466.615,True
2/4/2023 5:00:00 PM,2/4/2023 12:00:00 PM,SERC,SOUTH,DOM,DOM,15745.003,True
2/4/2023 6:00:00 PM,2/4/2023 1:00:00 PM,SERC,SOUTH,DOM,DOM,15075.537,True
2/4/2023 7:00:00 PM,2/4/2023 2:00:00 PM,SERC,SOUTH,DOM,DOM,14665.008,True
2/4/2023 8:00:00 PM,2/4/2023 3:00:00 PM,SERC,SOUTH,DOM,DOM,14629.233,True
2/4/2023 9:00:00 PM,2/4/2023 4:00:00 PM,SERC,SOUTH,DOM,DOM,15226.046,True
2/4/2023 10:00:00 PM,2/4/2023 5:00:00 PM,SERC,SOUTH,DOM,DOM,16424.476,True
2/4/2023 11:00:00 PM,2/4/2023 6:00:00 PM,SERC,SOUTH,DOM,DOM,17136.743,True
2/5/2023 12:00:00 AM,2/4/2023 7:00:00 PM,SERC,SOUTH,DOM,DOM,17149.253,True
2/5/2023 1:00:00 AM,2/4/2023 8:00:00 PM,SERC,SOUTH,DOM,DOM,17077.707,True
2/5/2023 2:00:00 AM,2/4/2023 9:00:00 PM,SERC,SOUTH,DOM,DOM,16855.499,True
2/5/2023 3:00:00 AM,2/4/2023 10:00:00 PM,SERC,SOUTH,DOM,DOM,16364.604,True
2/5/2023 4:00:00 AM,2/4/2023 11:00:00 PM,SERC,SOUTH,DOM,DOM,15859.063,True
2/5/2023 5:00:00 AM,2/5/2023 12:00:00 AM,SERC,SOUTH,DOM,DOM,15515.228,True
2/5/2023 6:00:00 AM,2/5/2023 1:00:00 AM,SERC,SOUTH,DOM,DOM,15261.919,True
2/5/2023 7:00:00 AM,2/5/2023 2:00:00 AM,SERC,SOUTH,DOM,DOM,15054.556,True
2/5/2023 8:00:00 AM,2/5/2023 3:00:00 AM,SERC,SOUTH,DOM,DOM,14998.436,True
2/5/2023 9:00:00 AM,2/5/2023 4:00:00 AM,SERC,SOUTH,DOM,DOM,15009.117,True
2/5/2023 10:00:00 AM,2/5/2023 5:00:00 AM,SERC,SOUTH,DOM,DOM,15168.227,True
2/5/2023 11:00:00 AM,2/5/2023 6:00:00 AM,SERC,SOUTH,DOM,DOM,15469.453,True
2/5/2023 12:00:00 PM,2/5/2023 7:00:00 AM,SERC,SOUTH,DOM,DOM,15868.690,True
2/5/2023 1:00:00 PM,2/5/2023 8:00:00 AM,SERC,SOUTH,DOM,DOM,15864.400,True
2/5/2023 2:00:00 PM,2/5/2023 9:00:00 AM,SERC,SOUTH,DOM,DOM,15377.424,True
2/5/2023 3:00:00 PM,2/5/2023 10:00:00 AM,SERC,SOUTH,DOM,DOM,14563.462,True
2/5/2023 4:00:00 PM,2/5/2023 11:00:00 AM,SERC,SOUTH,DOM,DOM,13801.883,True
2/5/2023 5:00:00 PM,2/5/2023 12:00:00 PM,SERC,SOUTH,DOM,DOM,13374.786,True
2/5/2023 6:00:00 PM,2/5/2023 1:00:00 PM,SERC,SOUTH,DOM,DOM,13029.962,True
2/5/2023 7:00:00 PM,2/5/2023 2:00:00 PM,SERC,SOUTH,DOM,DOM,12845.976,True
2/5/2023 8:00:00 PM,2/5/2023 3:00:00 PM,SERC,SOUTH,DOM,DOM,12789.899,True
2/5/2023 9:00:00 PM,2/5/2023 4:00:00 PM,SERC,SOUTH,DOM,DOM,13118.182,True
2/5/2023 10:00:00 PM,2/5/2023 5:00:00 PM,SERC,SOUTH,DOM,DOM,13743.167,True
2/5/2023 11:00:00 PM,2/5/2023 6:00:00 PM,SERC,SOUTH,DOM,DOM,14178.538,True
2/6/2023 12:00:00 AM,2/5/2023 7:00:00 PM,SERC,SOUTH,DOM,DOM,14120.646,True
2/6/2023 1:00:00 AM,2/5/2023 8:00:00 PM,SERC,SOUTH,DOM,DOM,13858.805,True
2/6/2023 2:00:00 AM,2/5/2023 9:00:00 PM,SERC,SOUTH,DOM,DOM,13353.366,True
2/6/2023 3:00:00 AM,2/5/2023 10:00:00 PM,SERC,SOUTH,DOM,DOM,12719.931,True
2/6/2023 4:00:00 AM,2/5/2023 11:00:00 PM,SERC,SOUTH,DOM,DOM,12238.225,True
2/6/2023 5:00:00 AM,2/6/2023 12:00:00 AM,SERC,SOUTH,DOM,DOM,11957.443,True
2/6/2023 6:00:00 AM,2/6/2023 1:00:00 AM,SERC,SOUTH,DOM,DOM,11769.642,True
2/6/2023 7:00:00 AM,2/6/2023 2:00:00 AM,SERC,SOUTH,DOM,DOM,11734.467,True
2/6/2023 8:00:00 AM,2/6/2023 3:00:00 AM,SERC,SOUTH,DOM,DOM,11908.945,True
2/6/2023 9:00:00 AM,2/6/2023 4:00:00 AM,SERC,SOUTH,DOM,DOM,12349.440,True
2/6/2023 10:00:00 AM,2/6/2023 5:00:00 AM,SERC,SOUTH,DOM,DOM,13163.759,True
2/6/2023 11:00:00 AM,2/6/2023 6:00:00 AM,SERC,SOUTH,DOM,DOM,14311.438,True
2/6/2023 12:00:00 PM,2/6/2023 7:00:00 AM,SERC,SOUTH,DOM,DOM,14781.192,True
2/6/2023 1:00:00 PM,2/6/2023 8:00:00 AM,SERC,SOUTH,DOM,DOM,14170.972,True
2/6/2023 2:00:00 PM,2/6/2023 9:00:00 AM,SERC,SOUTH,DOM,DOM,13331.970,True
2/6/2023 3:00:00 PM,2/6/2023 10:00:00 AM,SERC,SOUTH,DOM,DOM,12956.651,True
2/6/2023 4:00:00 PM,2/6/2023 11:00:00 AM,SERC,SOUTH,DOM,DOM,12771.327,True
2/6/2023 5:00:00 PM,2/6/2023 12:00:00 PM,SERC,SOUTH,DOM,DOM,12751.872,True
2/6/2023 6:00:00 PM,2/6/2023 1:00:00 PM,SERC,SOUTH,DOM,DOM,12741.582,True
2/6/2023 7:00:00 PM,2/6/2023 2:00:00 PM,SERC,SOUTH,DOM,DOM,12630.449,True
2/6/2023 8:00:00 PM,2/6/2023 3:00:00 PM,SERC,SOUTH,DOM,DOM,12657.914,True
2/6/2023 9:00:00 PM,2/6/2023 4:00:00 PM,SERC,SOUTH,DOM,DOM,13086.874,True
2/6/2023 10:00:00 PM,2/6/2023 5:00:00 PM,SERC,SOUTH,DOM,DOM,13925.007,True
2/6/2023 11:00:00 PM,2/6/2023 6:00:00 PM,SERC,SOUTH,DOM,DOM,14535.655,True
2/7/2023 12:00:00 AM,2/6/2023 7:00:00 PM,SERC,SOUTH,DOM,DOM,14546.827,True
2/7/2023 1:00:00 AM,2/6/2023 8:00:00 PM,SERC,SOUTH,DOM,DOM,14464.095,True
2/7/2023 2:00:00 AM,2/6/2023 9:00:00 PM,SERC,SOUTH,DOM,DOM,14183.823,True
2/7/2023 3:00:00 AM,2/6/2023 10:00:00 PM,SERC,SOUTH,DOM,DOM,13732.268,True
2/7/2023 4:00:00 AM,2/6/2023 11:00:00 PM,SERC,SOUTH,DOM,DOM,13331.592,True
2/7/2023 5:00:00 AM,2/7/2023 12:00:00 AM,SERC,SOUTH,DOM,DOM,13153.780,True
2/7/2023 6:00:00 AM,2/7/2023 1:00:00 AM,SERC,SOUTH,DOM,DOM,13339.766,True
2/7/2023 7:00:00 AM,2/7/2023 2:00:00 AM,SERC,SOUTH,DOM,DOM,13625.917,True
2/7/2023 8:00:00 AM,2/7/2023 3:00:00 AM,SERC,SOUTH,DOM,DOM,14010.677,True
2/7/2023 9:00:00 AM,2/7/2023 4:00:00 AM,SERC,SOUTH,DOM,DOM,14648.645,True
2/7/2023 10:00:00 AM,2/7/2023 5:00:00 AM,SERC,SOUTH,DOM,DOM,15706.380,True
2/7/2023 11:00:00 AM,2/7/2023 6:00:00 AM,SERC,SOUTH,DOM,DOM,17071.725,True
2/7/2023 12:00:00 PM,2/7/2023 7:00:00 AM,SERC,SOUTH,DOM,DOM,17615.770,True
2/7/2023 1:00:00 PM,2/7/2023 8:00:00 AM,SERC,SOUTH,DOM,DOM,16665.580,True
2/7/2023 2:00:00 PM,2/7/2023 9:00:00 AM,SERC,SOUTH,DOM,DOM,15188.783,True
2/7/2023 3:00:00 PM,2/7/2023 10:00:00 AM,SERC,SOUTH,DOM,DOM,14152.929,True
2/7/2023 4:00:00 PM,2/7/2023 11:00:00 AM,SERC,SOUTH,DOM,DOM,13509.687,True
2/7/2023 5:00:00 PM,2/7/2023 12:00:00 PM,SERC,SOUTH,DOM,DOM,12993.554,True
2/7/2023 6:00:00 PM,2/7/2023 1:00:00 PM,SERC,SOUTH,DOM,DOM,12680.465,True
2/7/2023 7:00:00 PM,2/7/2023 2:00:00 PM,SERC,SOUTH,DOM,DOM,12423.065,True
2/7/2023 8:00:00 PM,2/7/2023 3:00:00 PM,SERC,SOUTH,DOM,DOM,12514.344,True
2/7/2023 9:00:00 PM,2/7/2023 4:00:00 PM,SERC,SOUTH,DOM,DOM,13037.099,True
2/7/2023 10:00:00 PM,2/7/2023 5:00:00 PM,SERC,SOUTH,DOM,DOM,13789.851,True
2/7/2023 11:00:00 PM,2/7/2023 6:00:00 PM,SERC,SOUTH,DOM,DOM,14268.982,True
2/8/2023 12:00:00 AM,2/7/2023 7:00:00 PM,SERC,SOUTH,DOM,DOM,14189.781,True
2/8/2023 1:00:00 AM,2/7/2023 8:00:00 PM,SERC,SOUTH,DOM,DOM,13950.952,True
2/8/2023 2:00:00 AM,2/7/2023 9:00:00 PM,SERC,SOUTH,DOM,DOM,13466.218,True
2/8/2023 3:00:00 AM,2/7/2023 10:00:00 PM,SERC,SOUTH,DOM,DOM,12798.658,True
2/8/2023 4:00:00 AM,2/7/2023 11:00:00 PM,SERC,SOUTH,DOM,DOM,12186.514,True
2/8/2023 5:00:00 AM,2/8/2023 12:00:00 AM,SERC,SOUTH,DOM,DOM,11779.233,True
2/8/2023 6:00:00 AM,2/8/2023 1:00:00 AM,SERC,SOUTH,DOM,DOM,11537.920,True
2/8/2023 7:00:00 AM,2/8/2023 2:00:00 AM,SERC,SOUTH,DOM,DOM,11431.047,True
2/8/2023 8:00:00 AM,2/8/2023 3:00:00 AM,SERC,SOUTH,DOM,DOM,11537.027,True
2/8/2023 9:00:00 AM,2/8/2023 4:00:00 AM,SERC,SOUTH,DOM,DOM,11877.906,True
2/8/2023 10:00:00 AM,2/8/2023 5:00:00 AM,SERC,SOUTH,DOM,DOM,12685.912,True
2/8/2023 11:00:00 AM,2/8/2023 6:00:00 AM,SERC,SOUTH,DOM,DOM,13723.544,True
2/8/2023 12:00:00 PM,2/8/2023 7:00:00 AM,SERC,SOUTH,DOM,DOM,14199.028,True
2/8/2023 1:00:00 PM,2/8/2023 8:00:00 AM,SERC,SOUTH,DOM,DOM,13733.480,True
2/8/2023 2:00:00 PM,2/8/2023 9:00:00 AM,SERC,SOUTH,DOM,DOM,12951.131,True
2/8/2023 3:00:00 PM,2/8/2023 10:00:00 AM,SERC,SOUTH,DOM,DOM,12311.635,True
2/8/2023 4:00:00 PM,2/8/2023 11:00:00 AM,SERC,SOUTH,DOM,DOM,11849.956,True
2/8/2023 5:00:00 PM,2/8/2023 12:00:00 PM,SERC,SOUTH,DOM,DOM,11608.512,True
2/8/2023 6:00:00 PM,2/8/2023 1:00:00 PM,SERC,SOUTH,DOM,DOM,11494.212,True
2/8/2023 7:00:00 PM,2/8/2023 2:00:00 PM,SERC,SOUTH,DOM,DOM,11402.423,True
2/8/2023 8:00:00 PM,2/8/2023 3:00:00 PM,SERC,SOUTH,DOM,DOM,11427.694,True
2/8/2023 9:00:00 PM,2/8/2023 4:00:00 PM,SERC,SOUTH,DOM,DOM,11900.491,True
2/8/2023 10:00:00 PM,2/8/2023 5:00:00 PM,SERC,SOUTH,DOM,DOM,12501.253,True
2/8/2023 11:00:00 PM,2/8/2023 6:00:00 PM,SERC,SOUTH,DOM,DOM,13063.994,True
2/9/2023 12:00:00 AM,2/8/2023 7:00:00 PM,SERC,SOUTH,DOM,DOM,12983.000,True
2/9/2023 1:00:00 AM,2/8/2023 8:00:00 PM,SERC,SOUTH,DOM,DOM,12791.216,True
2/9/2023 2:00:00 AM,2/8/2023 9:00:00 PM,SERC,SOUTH,DOM,DOM,12408.161,True
2/9/2023 3:00:00 AM,2/8/2023 10:00:00 PM,SERC,SOUTH,DOM,DOM,11855.248,True
2/9/2023 4:00:00 AM,2/8/2023 11:00:00 PM,SERC,SOUTH,DOM,DOM,11373.616,True
2/9/2023 5:00:00 AM,2/9/2023 12:00:00 AM,SERC,SOUTH,DOM,DOM,11066.527,True
2/9/2023 6:00:00 AM,2/9/2023 1:00:00 AM,SERC,SOUTH,DOM,DOM,10939.220,True
2/9/2023 7:00:00 AM,2/9/2023 2:00:00 AM,SERC,SOUTH,DOM,DOM,10885.394,True
2/9/2023 8:00:00 AM,2/9/2023 3:00:00 AM,SERC,SOUTH,DOM,DOM,10948.999,True
2/9/2023 9:00:00 AM,2/9/2023 4:00:00 AM,SERC,SOUTH,DOM,DOM,11281.889,True
2/9/2023 10:00:00 AM,2/9/2023 5:00:00 AM,SERC,SOUTH,DOM,DOM,11949.339,True
2/9/2023 11:00:00 AM,2/9/2023 6:00:00 AM,SERC,SOUTH,DOM,DOM,12962.978,True
2/9/2023 12:00:00 PM,2/9/2023 7:00:00 AM,SERC,SOUTH,DOM,DOM,13444.645,True
2/9/2023 1:00:00 PM,2/9/2023 8:00:00 AM,SERC,SOUTH,DOM,DOM,13160.946,True
2/9/2023 2:00:00 PM,2/9/2023 9:00:00 AM,SERC,SOUTH,DOM,DOM,12727.597,True
2/9/2023 3:00:00 PM,2/9/2023 10:00:00 AM,SERC,SOUTH,DOM,DOM,12325.516,True
2/9/2023 4:00:00 PM,2/9/2023 11:00:00 AM,SERC,SOUTH,DOM,DOM,12084.291,True
2/9/2023 5:00:00 PM,2/9/2023 12:00:00 PM,SERC,SOUTH,DOM,DOM,11872.003,True
2/9/2023 6:00:00 PM,2/9/2023 1:00:00 PM,SERC,SOUTH,DOM,DOM,11726.790,True
2/9/2023 7:00:00 PM,2/9/2023 2:00:00 PM,SERC,SOUTH,DOM,DOM,11687.150,True
2/9/2023 8:00:00 PM,2/9/2023 3:00:00 PM,SERC,SOUTH,DOM,DOM,11858.321,True
2/9/2023 9:00:00 PM,2/9/2023 4:00:00 PM,SERC,SOUTH,DOM,DOM,12112.548,True
2/9/2023 10:00:00 PM,2/9/2023 5:00:00 PM,SERC,SOUTH,DOM,DOM,12590.501,True
2/9/2023 11:00:00 PM,2/9/2023 6:00:00 PM,SERC,SOUTH,DOM,DOM,12958.057,True
2/10/2023 12:00:00 AM,2/9/2023 7:00:00 PM,SERC,SOUTH,DOM,DOM,12842.567,True
2/10/2023 1:00:00 AM,2/9/2023 8:00:00 PM,SERC,SOUTH,DOM,DOM,12563.570,True
2/10/2023 2:00:00 AM,2/9/2023 9:00:00 PM,SERC,SOUTH,DOM,DOM,12059.886,True
2/10/2023 3:00:00 AM,2/9/2023 10:00:00 PM,SERC,SOUTH,DOM,DOM,11395.027,True
2/10/2023 4:00:00 AM,2/9/2023 11:00:00 PM,SERC,SOUTH,DOM,DOM,10728.954,True
2/10/2023 5:00:00 AM,2/10/2023 12:00:00 AM,SERC,SOUTH,DOM,DOM,10291.964,True
2/10/2023 6:00:00 AM,2/10/2023 1:00:00 AM,SERC,SOUTH,DOM,DOM,10144.662,True
2/10/2023 7:00:00 AM,2/10/2023 2:00:00 AM,SERC,SOUTH,DOM,DOM,9966.539,True
2/10/2023 8:00:00 AM,2/10/2023 3:00:00 AM,SERC,SOUTH,DOM,DOM,9961.330,True
2/10/2023 9:00:00 AM,2/10/2023 4:00:00 AM,SERC,SOUTH,DOM,DOM,10121.441,True
2/10/2023 10:00:00 AM,2/10/2023 5:00:00 AM,SERC,SOUTH,DOM,DOM,10661.619,True
2/10/2023 11:00:00 AM,2/10/2023 6:00:00 AM,SERC,SOUTH,DOM,DOM,11580.106,True
2/10/2023 12:00:00 PM,2/10/2023 7:00:00 AM,SERC,SOUTH,DOM,DOM,12049.521,True
2/10/2023 1:00:00 PM,2/10/2023 8:00:00 AM,SERC,SOUTH,DOM,DOM,12083.372,True
2/10/2023 2:00:00 PM,2/10/2023 9:00:00 AM,SERC,SOUTH,DOM,DOM,11819.323,True
2/10/2023 3:00:00 PM,2/10/2023 10:00:00 AM,SERC,SOUTH,DOM,DOM,11656.256,True
2/10/2023 4:00:00 PM,2/10/2023 11:00:00 AM,SERC,SOUTH,DOM,DOM,11532.021,True
2/10/2023 5:00:00 PM,2/10/2023 12:00:00 PM,SERC,SOUTH,DOM,DOM,11463.127,True
2/10/2023 6:00:00 PM,2/10/2023 1:00:00 PM,SERC,SOUTH,DOM,DOM,11407.237,True
2/10/2023 7:00:00 PM,2/10/2023 2:00:00 PM,SERC,SOUTH,DOM,DOM,11347.743,True
2/10/2023 8:00:00 PM,2/10/2023 3:00:00 PM,SERC,SOUTH,DOM,DOM,11516.920,True
2/10/2023 9:00:00 PM,2/10/2023 4:00:00 PM,SERC,SOUTH,DOM,DOM,11771.290,True
2/10/2023 10:00:00 PM,2/10/2023 5:00:00 PM,SERC,SOUTH,DOM,DOM,12159.668,True
2/10/2023 11:00:00 PM,2/10/2023 6:00:00 PM,SERC,SOUTH,DOM,DOM,12577.038,True
2/11/2023 12:00:00 AM,2/10/2023 7:00:00 PM,SERC,SOUTH,DOM,DOM,12447.900,True
2/11/2023 1:00:00 AM,2/10/2023 8:00:00 PM,SERC,SOUTH,DOM,DOM,12285.714,True
2/11/2023 2:00:00 AM,2/10/2023 9:00:00 PM,SERC,SOUTH,DOM,DOM,12006.790,True
2/11/2023 3:00:00 AM,2/10/2023 10:00:00 PM,SERC,SOUTH,DOM,DOM,11650.980,True
2/11/2023 4:00:00 AM,2/10/2023 11:00:00 PM,SERC,SOUTH,DOM,DOM,11292.524,True
2/11/2023 5:00:00 AM,2/11/2023 12:00:00 AM,SERC,SOUTH,DOM,DOM,11019.344,True
2/11/2023 6:00:00 AM,2/11/2023 1:00:00 AM,SERC,SOUTH,DOM,DOM,10798.221,True
2/11/2023 7:00:00 AM,2/11/2023 2:00:00 AM,SERC,SOUTH,DOM,DOM,10696.134,True
2/11/2023 8:00:00 AM,2/11/2023 3:00:00 AM,SERC,SOUTH,DOM,DOM,10791.379,True
2/11/2023 9:00:00 AM,2/11/2023 4:00:00 AM,SERC,SOUTH,DOM,DOM,10989.656,True
2/11/2023 10:00:00 AM,2/11/2023 5:00:00 AM,SERC,SOUTH,DOM,DOM,11370.198,True
2/11/2023 11:00:00 AM,2/11/2023 6:00:00 AM,SERC,SOUTH,DOM,DOM,11963.731,True
2/11/2023 12:00:00 PM,2/11/2023 7:00:00 AM,SERC,SOUTH,DOM,DOM,12569.024,True
2/11/2023 1:00:00 PM,2/11/2023 8:00:00 AM,SERC,SOUTH,DOM,DOM,12883.613,True
2/11/2023 2:00:00 PM,2/11/2023 9:00:00 AM,SERC,SOUTH,DOM,DOM,12774.785,True
2/11/2023 3:00:00 PM,2/11/2023 10:00:00 AM,SERC,SOUTH,DOM,DOM,12510.130,True
2/11/2023 4:00:00 PM,2/11/2023 11:00:00 AM,SERC,SOUTH,DOM,DOM,12005.492,True
2/11/2023 5:00:00 PM,2/11/2023 12:00:00 PM,SERC,SOUTH,DOM,DOM,11706.870,True
2/11/2023 6:00:00 PM,2/11/2023 1:00:00 PM,SERC,SOUTH,DOM,DOM,11432.765,True
2/11/2023 7:00:00 PM,2/11/2023 2:00:00 PM,SERC,SOUTH,DOM,DOM,11400.701,True
2/11/2023 8:00:00 PM,2/11/2023 3:00:00 PM,SERC,SOUTH,DOM,DOM,11665.807,True
2/11/2023 9:00:00 PM,2/11/2023 4:00:00 PM,SERC,SOUTH,DOM,DOM,12135.925,True
2/11/2023 10:00:00 PM,2/11/2023 5:00:00 PM,SERC,SOUTH,DOM,DOM,12833.333,True
2/11/2023 11:00:00 PM,2/11/2023 6:00:00 PM,SERC,SOUTH,DOM,DOM,13394.850,True
2/12/2023 12:00:00 AM,2/11/2023 7:00:00 PM,SERC,SOUTH,DOM,DOM,13418.475,True
2/12/2023 1:00:00 AM,2/11/2023 8:00:00 PM,SERC,SOUTH,DOM,DOM,13328.128,True
2/12/2023 2:00:00 AM,2/11/2023 9:00:00 PM,SERC,SOUTH,DOM,DOM,13147.276,True
2/12/2023 3:00:00 AM,2/11/2023 10:00:00 PM,SERC,SOUTH,DOM,DOM,12736.642,True
2/12/2023 4:00:00 AM,2/11/2023 11:00:00 PM,SERC,SOUTH,DOM,DOM,12365.751,True
2/12/2023 5:00:00 AM,2/12/2023 12:00:00 AM,SERC,SOUTH,DOM,DOM,12075.910,True
2/12/2023 6:00:00 AM,2/12/2023 1:00:00 AM,SERC,SOUTH,DOM,DOM,11938.789,True
2/12/2023 7:00:00 AM,2/12/2023 2:00:00 AM,SERC,SOUTH,DOM,DOM,11821.950,True
2/12/2023 8:00:00 AM,2/12/2023 3:00:00 AM,SERC,SOUTH,DOM,DOM,11832.224,True
2/12/2023 9:00:00 AM,2/12/2023 4:00:00 AM,SERC,SOUTH,DOM,DOM,11969.643,True
2/12/2023 10:00:00 AM,2/12/2023 5:00:00 AM,SERC,SOUTH,DOM,DOM,12227.367,True
2/12/2023 11:00:00 AM,2/12/2023 6:00:00 AM,SERC,SOUTH,DOM,DOM,12707.561,True
2/12/2023 12:00:00 PM,2/12/2023 7:00:00 AM,SERC,SOUTH,DOM,DOM,13215.462,True
2/12/2023 1:00:00 PM,2/12/2023 8:00:00 AM,SERC,SOUTH,DOM,DOM,13819.288,True
2/12/2023 2:00:00 PM,2/12/2023 9:00:00 AM,SERC,SOUTH,DOM,DOM,14242.763,True
2/12/2023 3:00:00 PM,2/12/2023 10:00:00 AM,SERC,SOUTH,DOM,DOM,14459.656,True
2/12/2023 4:00:00 PM,2/12/2023 11:00:00 AM,SERC,SOUTH,DOM,DOM,14591.014,True
2/12/2023 5:00:00 PM,2/12/2023 12:00:00 PM,SERC,SOUTH,DOM,DOM,14627.546,True
2/12/2023 6:00:00 PM,2/12/2023 1:00:00 PM,SERC,SOUTH,DOM,DOM,14714.105,True
2/12/2023 7:00:00 PM,2/12/2023 2:00:00 PM,SERC,SOUTH,DOM,DOM,14775.352,True
2/12/2023 8:00:00 PM,2/12/2023 3:00:00 PM,SERC,SOUTH,DOM,DOM,14841.544,True
2/12/2023 9:00:00 PM,2/12/2023 4:00:00 PM,SERC,SOUTH,DOM,DOM,15013.030,True
2/12/2023 10:00:00 PM,2/12/2023 5:00:00 PM,SERC,SOUTH,DOM,DOM,15300.030,True
2/12/2023 11:00:00 PM,2/12/2023 6:00:00 PM,SERC,SOUTH,DOM,DOM,15176.838,True
2/13/2023 12:00:00 AM,2/12/2023 7:00:00 PM,SERC,SOUTH,DOM,DOM,14701.962,True
2/13/2023 1:00:00 AM,2/12/2023 8:00:00 PM,SERC,SOUTH,DOM,DOM,14470.031,True
2/13/2023 2:00:00 AM,2/12/2023 9:00:00 PM,SERC,SOUTH,DOM,DOM,14236.308,True
2/13/2023 3:00:00 AM,2/12/2023 10:00:00 PM,SERC,SOUTH,DOM,DOM,13827.882,True
2/13/2023 4:00:00 AM,2/12/2023 11:00:00 PM,SERC,SOUTH,DOM,DOM,13344.491,True
2/13/2023 5:00:00 AM,2/13/2023 12:00:00 AM,SERC,SOUTH,DOM,DOM,12900.995,True
2/13/2023 6:00:00 AM,2/13/2023 1:00:00 AM,SERC,SOUTH,DOM,DOM,12709.096,True
2/13/2023 7:00:00 AM,2/13/2023 2:00:00 AM,SERC,SOUTH,DOM,DOM,12674.024,True
2/13/2023 8:00:00 AM,2/13/2023 3:00:00 AM,SERC,SOUTH,DOM,DOM,12779.258,True
2/13/2023 9:00:00 AM,2/13/2023 4:00:00 AM,SERC,SOUTH,DOM,DOM,13189.068,True
2/13/2023 10:00:00 AM,2/13/2023 5:00:00 AM,SERC,SOUTH,DOM,DOM,14006.238,True
2/13/2023 11:00:00 AM,2/13/2023 6:00:00 AM,SERC,SOUTH,DOM,DOM,15155.638,True
2/13/2023 12:00:00 PM,2/13/2023 7:00:00 AM,SERC,SOUTH,DOM,DOM,15669.668,True
2/13/2023 1:00:00 PM,2/13/2023 8:00:00 AM,SERC,SOUTH,DOM,DOM,14900.206,True
2/13/2023 2:00:00 PM,2/13/2023 9:00:00 AM,SERC,SOUTH,DOM,DOM,13916.289,True
2/13/2023 3:00:00 PM,2/13/2023 10:00:00 AM,SERC,SOUTH,DOM,DOM,13255.461,True
2/13/2023 4:00:00 PM,2/13/2023 11:00:00 AM,SERC,SOUTH,DOM,DOM,12804.320,True
2/13/2023 5:00:00 PM,2/13/2023 12:00:00 PM,SERC,SOUTH,DOM,DOM,12453.171,True
2/13/2023 6:00:00 PM,2/13/2023 1:00:00 PM,SERC,SOUTH,DOM,DOM,12303.823,True
2/13/2023 7:00:00 PM,2/13/2023 2:00:00 PM,SERC,SOUTH,DOM,DOM,12160.676,True
2/13/2023 8:00:00 PM,2/13/2023 3:00:00 PM,SERC,SOUTH,DOM,DOM,12120.659,True
2/13/2023 9:00:00 PM,2/13/2023 4:00:00 PM,SERC,SOUTH,DOM,DOM,12408.557,True
2/13/2023 10:00:00 PM,2/13/2023 5:00:00 PM,SERC,SOUTH,DOM,DOM,13103.970,True
2/13/2023 11:00:00 PM,2/13/2023 6:00:00 PM,SERC,SOUTH,DOM,DOM,13808.091,True
2/14/2023 12:00:00 AM,2/13/2023 7:00:00 PM,SERC,SOUTH,DOM,DOM,13892.472,True
2/14/2023 1:00:00 AM,2/13/2023 8:00:00 PM,SERC,SOUTH,DOM,DOM,13787.069,True
2/14/2023 2:00:00 AM,2/13/2023 9:00:00 PM,SERC,SOUTH,DOM,DOM,13432.918,True
2/14/2023 3:00:00 AM,2/13/2023 10:00:00 PM,SERC,SOUTH,DOM,DOM,12920.817,True
2/14/2023 4:00:00 AM,2/13/2023 11:00:00 PM,SERC,SOUTH,DOM,DOM,12423.834,True
2/14/2023 5:00:00 AM,2/14/2023 12:00:00 AM,SERC,SOUTH,DOM,DOM,12156.757,True
2/14/2023 6:00:00 AM,2/14/2023 1:00:00 AM,SERC,SOUTH,DOM,DOM,12053.580,True
2/14/2023 7:00:00 AM,2/14/2023 2:00:00 AM,SERC,SOUTH,DOM,DOM,12153.235,True
2/14/2023 8:00:00 AM,2/14/2023 3:00:00 AM,SERC,SOUTH,DOM,DOM,12374.540,True
2/14/2023 9:00:00 AM,2/14/2023 4:00:00 AM,SERC,SOUTH,DOM,DOM,12915.476,True
2/14/2023 10:00:00 AM,2/14/2023 5:00:00 AM,SERC,SOUTH,DOM,DOM,13924.017,True
2/14/2023 11:00:00 AM,2/14/2023 6:00:00 AM,SERC,SOUTH,DOM,DOM,15235.452,True
2/14/2023 12:00:00 PM,2/14/2023 7:00:00 AM,SERC,SOUTH,DOM,DOM,15718.969,True
2/14/2023 1:00:00 PM,2/14/2023 8:00:00 AM,SERC,SOUTH,DOM,DOM,14674.367,True
2/14/2023 2:00:00 PM,2/14/2023 9:00:00 AM,SERC,SOUTH,DOM,DOM,13396.150,True
2/14/2023 3:00:00 PM,2/14/2023 10:00:00 AM,SERC,SOUTH,DOM,DOM,12641.281,True
2/14/2023 4:00:00 PM,2/14/2023 11:00:00 AM,SERC,SOUTH,DOM,DOM,12142.243,True
2/14/2023 5:00:00 PM,2/14/2023 12:00:00 PM,SERC,SOUTH,DOM,DOM,11857.578,True
2/14/2023 6:00:00 PM,2/14/2023 1:00:00 PM,SERC,SOUTH,DOM,DOM,11646.069,True
2/14/2023 7:00:00 PM,2/14/2023 2:00:00 PM,SERC,SOUTH,DOM,DOM,11447.714,True
2/14/2023 8:00:00 PM,2/14/2023 3:00:00 PM,SERC,SOUTH,DOM,DOM,11575.089,True
2/14/2023 9:00:00 PM,2/14/2023 4:00:00 PM,SERC,SOUTH,DOM,DOM,11900.853,True
2/14/2023 10:00:00 PM,2/14/2023 5:00:00 PM,SERC,SOUTH,DOM,DOM,12741.989,True
2/14/2023 11:00:00 PM,2/14/2023 6:00:00 PM,SERC,SOUTH,DOM,DOM,13367.516,True
2/15/2023 12:00:00 AM,2/14/2023 7:00:00 PM,SERC,SOUTH,DOM,DOM,13308.268,True
2/15/2023 1:00:00 AM,2/14/2023 8:00:00 PM,SERC,SOUTH,DOM,DOM,13110.771,True
2/15/2023 2:00:00 AM,2/14/2023 9:00:00 PM,SERC,SOUTH,DOM,DOM,12772.306,True
2/15/2023 3:00:00 AM,2/14/2023 10:00:00 PM,SERC,SOUTH,DOM,DOM,12240.637,True
2/15/2023 4:00:00 AM,2/14/2023 11:00:00 PM,SERC,SOUTH,DOM,DOM,11761.220,True
2/15/2023 5:00:00 AM,2/15/2023 12:00:00 AM,SERC,SOUTH,DOM,DOM,11482.830,True
2/15/2023 6:00:00 AM,2/15/2023 1:00:00 AM,SERC,SOUTH,DOM,DOM,11284.033,True
2/15/2023 7:00:00 AM,2/15/2023 2:00:00 AM,SERC,SOUTH,DOM,DOM,11265.303,True
2/15/2023 8:00:00 AM,2/15/2023 3:00:00 AM,SERC,SOUTH,DOM,DOM,11277.691,True
2/15/2023 9:00:00 AM,2/15/2023 4:00:00 AM,SERC,SOUTH,DOM,DOM,11582.834,True
2/15/2023 10:00:00 AM,2/15/2023 5:00:00 AM,SERC,SOUTH,DOM,DOM,12186.566,True
2/15/2023 11:00:00 AM,2/15/2023 6:00:00 AM,SERC,SOUTH,DOM,DOM,13213.992,True
2/15/2023 12:00:00 PM,2/15/2023 7:00:00 AM,SERC,SOUTH,DOM,DOM,13554.033,True
2/15/2023 1:00:00 PM,2/15/2023 8:00:00 AM,SERC,SOUTH,DOM,DOM,13392.120,True
2/15/2023 2:00:00 PM,2/15/2023 9:00:00 AM,SERC,SOUTH,DOM,DOM,12961.075,True
2/15/2023 3:00:00 PM,2/15/2023 10:00:00 AM,SERC,SOUTH,DOM,DOM,12511.832,True
2/15/2023 4:00:00 PM,2/15/2023 11:00:00 AM,SERC,SOUTH,DOM,DOM,12116.192,True
2/15/2023 5:00:00 PM,2/15/2023 12:00:00 PM,SERC,SOUTH,DOM,DOM,11826.365,True
2/15/2023 6:00:00 PM,2/15/2023 1:00:00 PM,SERC,SOUTH,DOM,DOM,11595.477,True
2/15/2023 7:00:00 PM,2/15/2023 2:00:00 PM,SERC,SOUTH,DOM,DOM,11519.953,True
2/15/2023 8:00:00 PM,2/15/2023 3:00:00 PM,SERC,SOUTH,DOM,DOM,11595.650,True
2/15/2023 9:00:00 PM,2/15/2023 4:00:00 PM,SERC,SOUTH,DOM,DOM,11893.315,True
2/15/2023 10:00:00 PM,2/15/2023 5:00:00 PM,SERC,SOUTH,DOM,DOM,12393.162,True
2/15/2023 11:00:00 PM,2/15/2023 6:00:00 PM,SERC,SOUTH,DOM,DOM,12958.669,True
2/16/2023 12:00:00 AM,2/15/2023 7:00:00 PM,SERC,SOUTH,DOM,DOM,12838.691,True
2/16/2023 1:00:00 AM,2/15/2023 8:00:00 PM,SERC,SOUTH,DOM,DOM,12489.186,True
2/16/2023 2:00:00 AM,2/15/2023 9:00:00 PM,SERC,SOUTH,DOM,DOM,12079.934,True
2/16/2023 3:00:00 AM,2/15/2023 10:00:00 PM,SERC,SOUTH,DOM,DOM,11425.519,True
2/16/2023 4:00:00 AM,2/15/2023 11:00:00 PM,SERC,SOUTH,DOM,DOM,10822.627,True
2/16/2023 5:00:00 AM,2/16/2023 12:00:00 AM,SERC,SOUTH,DOM,DOM,10408.879,True
2/16/2023 6:00:00 AM,2/16/2023 1:00:00 AM,SERC,SOUTH,DOM,DOM,10148.188,True
2/16/2023 7:00:00 AM,2/16/2023 2:00:00 AM,SERC,SOUTH,DOM,DOM,9993.706,True
2/16/2023 8:00:00 AM,2/16/2023 3:00:00 AM,SERC,SOUTH,DOM,DOM,10175.784,True
2/16/2023 9:00:00 AM,2/16/2023 4:00:00 AM,SERC,SOUTH,DOM,DOM,10421.713,True
2/16/2023 10:00:00 AM,2/16/2023 5:00:00 AM,SERC,SOUTH,DOM,DOM,11066.989,True
2/16/2023 11:00:00 AM,2/16/2023 6:00:00 AM,SERC,SOUTH,DOM,DOM,12082.786,True
2/16/2023 12:00:00 PM,2/16/2023 7:00:00 AM,SERC,SOUTH,DOM,DOM,12521.530,True
2/16/2023 1:00:00 PM,2/16/2023 8:00:00 AM,SERC,SOUTH,DOM,DOM,12436.505,True
2/16/2023 2:00:00 PM,2/16/2023 9:00:00 AM,SERC,SOUTH,DOM,DOM,12201.447,True
2/16/2023 3:00:00 PM,2/16/2023 10:00:00 AM,SERC,SOUTH,DOM,DOM,12115.737,True
2/16/2023 4:00:00 PM,2/16/2023 11:00:00 AM,SERC,SOUTH,DOM,DOM,12081.792,True
2/16/2023 5:00:00 PM,2/16/2023 12:00:00 PM,SERC,SOUTH,DOM,DOM,12190.562,True
2/16/2023 6:00:00 PM,2/16/2023 1:00:00 PM,SERC,SOUTH,DOM,DOM,12108.358,True
2/16/2023 7:00:00 PM,2/16/2023 2:00:00 PM,SERC,SOUTH,DOM,DOM,12079.968,True
2/16/2023 8:00:00 PM,2/16/2023 3:00:00 PM,SERC,SOUTH,DOM,DOM,12030.361,True
2/16/2023 9:00:00 PM,2/16/2023 4:00:00 PM,SERC,SOUTH,DOM,DOM,12234.192,True
2/16/2023 10:00:00 PM,2/16/2023 5:00:00 PM,SERC,SOUTH,DOM,DOM,12706.178,True
2/16/2023 11:00:00 PM,2/16/2023 6:00:00 PM,SERC,SOUTH,DOM,DOM,12952.350,True
2/17/2023 12:00:00 AM,2/16/2023 7:00:00 PM,SERC,SOUTH,DOM,DOM,12727.613,True
2/17/2023 1:00:00 AM,2/16/2023 8:00:00 PM,SERC,SOUTH,DOM,DOM,12478.934,True
2/17/2023 2:00:00 AM,2/16/2023 9:00:00 PM,SERC,SOUTH,DOM,DOM,12113.450,True
2/17/2023 3:00:00 AM,2/16/2023 10:00:00 PM,SERC,SOUTH,DOM,DOM,11438.390,True
2/17/2023 4:00:00 AM,2/16/2023 11:00:00 PM,SERC,SOUTH,DOM,DOM,10880.382,True
2/17/2023 5:00:00 AM,2/17/2023 12:00:00 AM,SERC,SOUTH,DOM,DOM,10426.338,True
2/17/2023 6:00:00 AM,2/17/2023 1:00:00 AM,SERC,SOUTH,DOM,DOM,10187.830,True
2/17/2023 7:00:00 AM,2/17/2023 2:00:00 AM,SERC,SOUTH,DOM,DOM,9996.250,True
2/17/2023 8:00:00 AM,2/17/2023 3:00:00 AM,SERC,SOUTH,DOM,DOM,9951.064,True
2/17/2023 9:00:00 AM,2/17/2023 4:00:00 AM,SERC,SOUTH,DOM,DOM,10067.847,True
2/17/2023 10:00:00 AM,2/17/2023 5:00:00 AM,SERC,SOUTH,DOM,DOM,10689.115,True
2/17/2023 11:00:00 AM,2/17/2023 6:00:00 AM,SERC,SOUTH,DOM,DOM,11554.098,True
2/17/2023 12:00:00 PM,2/17/2023 7:00:00 AM,SERC,SOUTH,DOM,DOM,12156.271,True
2/17/2023 1:00:00 PM,2/17/2023 8:00:00 AM,SERC,SOUTH,DOM,DOM,12343.074,True
2/17/2023 2:00:00 PM,2/17/2023 9:00:00 AM,SERC,SOUTH,DOM,DOM,12432.815,True
2/17/2023 3:00:00 PM,2/17/2023 10:00:00 AM,SERC,SOUTH,DOM,DOM,12488.805,True
2/17/2023 4:00:00 PM,2/17/2023 11:00:00 AM,SERC,SOUTH,DOM,DOM,12487.180,True
2/17/2023 5:00:00 PM,2/17/2023 12:00:00 PM,SERC,SOUTH,DOM,DOM,12447.693,True
2/17/2023 6:00:00 PM,2/17/2023 1:00:00 PM,SERC,SOUTH,DOM,DOM,12365.713,True
2/17/2023 7:00:00 PM,2/17/2023 2:00:00 PM,SERC,SOUTH,DOM,DOM,12283.732,True
2/17/2023 8:00:00 PM,2/17/2023 3:00:00 PM,SERC,SOUTH,DOM,DOM,12450.105,True
2/17/2023 9:00:00 PM,2/17/2023 4:00:00 PM,SERC,SOUTH,DOM,DOM,12651.330,True
2/17/2023 10:00:00 PM,2/17/2023 5:00:00 PM,SERC,SOUTH,DOM,DOM,13119.240,True
2/17/2023 11:00:00 PM,2/17/2023 6:00:00 PM,SERC,SOUTH,DOM,DOM,13563.711,True
2/18/2023 12:00:00 AM,2/17/2023 7:00:00 PM,SERC,SOUTH,DOM,DOM,13578.928,True
2/18/2023 1:00:00 AM,2/17/2023 8:00:00 PM,SERC,SOUTH,DOM,DOM,13582.337,True
2/18/2023 2:00:00 AM,2/17/2023 9:00:00 PM,SERC,SOUTH,DOM,DOM,13489.402,True
2/18/2023 3:00:00 AM,2/17/2023 10:00:00 PM,SERC,SOUTH,DOM,DOM,13262.199,True
2/18/2023 4:00:00 AM,2/17/2023 11:00:00 PM,SERC,SOUTH,DOM,DOM,13082.152,True
2/18/2023 5:00:00 AM,2/18/2023 12:00:00 AM,SERC,SOUTH,DOM,DOM,12902.422,True
2/18/2023 6:00:00 AM,2/18/2023 1:00:00 AM,SERC,SOUTH,DOM,DOM,12871.791,True
2/18/2023 7:00:00 AM,2/18/2023 2:00:00 AM,SERC,SOUTH,DOM,DOM,13065.265,True
2/18/2023 8:00:00 AM,2/18/2023 3:00:00 AM,SERC,SOUTH,DOM,DOM,13354.487,True
2/18/2023 9:00:00 AM,2/18/2023 4:00:00 AM,SERC,SOUTH,DOM,DOM,13705.370,True
2/18/2023 10:00:00 AM,2/18/2023 5:00:00 AM,SERC,SOUTH,DOM,DOM,14235.657,True
2/18/2023 11:00:00 AM,2/18/2023 6:00:00 AM,SERC,SOUTH,DOM,DOM,14948.770,True
2/18/2023 12:00:00 PM,2/18/2023 7:00:00 AM,SERC,SOUTH,DOM,DOM,15412.152,True
2/18/2023 1:00:00 PM,2/18/2023 8:00:00 AM,SERC,SOUTH,DOM,DOM,15023.607,True
2/18/2023 2:00:00 PM,2/18/2023 9:00:00 AM,SERC,SOUTH,DOM,DOM,14457.419,True
2/18/2023 3:00:00 PM,2/18/2023 10:00:00 AM,SERC,SOUTH,DOM,DOM,13910.043,True
2/18/2023 4:00:00 PM,2/18/2023 11:00:00 AM,SERC,SOUTH,DOM,DOM,13356.127,True
2/18/2023 5:00:00 PM,2/18/2023 12:00:00 PM,SERC,SOUTH,DOM,DOM,12799.962,True
2/18/2023 6:00:00 PM,2/18/2023 1:00:00 PM,SERC,SOUTH,DOM,DOM,12276.822,True
2/18/2023 7:00:00 PM,2/18/2023 2:00:00 PM,SERC,SOUTH,DOM,DOM,11827.004,True
2/18/2023 8:00:00 PM,2/18/2023 3:00:00 PM,SERC,SOUTH,DOM,DOM,11710.111,True
2/18/2023 9:00:00 PM,2/18/2023 4:00:00 PM,SERC,SOUTH,DOM,DOM,12131.730,True
2/18/2023 10:00:00 PM,2/18/2023 5:00:00 PM,SERC,SOUTH,DOM,DOM,13062.059,True
2/18/2023 11:00:00 PM,2/18/2023 6:00:00 PM,SERC,SOUTH,DOM,DOM,13996.078,True
2/19/2023 12:00:00 AM,2/18/2023 7:00:00 PM,SERC,SOUTH,DOM,DOM,14207.267,True
2/19/2023 1:00:00 AM,2/18/2023 8:00:00 PM,SERC,SOUTH,DOM,DOM,14306.770,True
2/19/2023 2:00:00 AM,2/18/2023 9:00:00 PM,SERC,SOUTH,DOM,DOM,14271.684,True
2/19/2023 3:00:00 AM,2/18/2023 10:00:00 PM,SERC,SOUTH,DOM,DOM,14046.454,True
2/19/2023 4:00:00 AM,2/18/2023 11:00:00 PM,SERC,SOUTH,DOM,DOM,13708.876,True
2/19/2023 5:00:00 AM,2/19/2023 12:00:00 AM,SERC,SOUTH,DOM,DOM,13569.836,True
2/19/2023 6:00:00 AM,2/19/2023 1:00:00 AM,SERC,SOUTH,DOM,DOM,13408.566,True
2/19/2023 7:00:00 AM,2/19/2023 2:00:00 AM,SERC,SOUTH,DOM,DOM,13337.695,True
2/19/2023 8:00:00 AM,2/19/2023 3:00:00 AM,SERC,SOUTH,DOM,DOM,13300.805,True
2/19/2023 9:00:00 AM,2/19/2023 4:00:00 AM,SERC,SOUTH,DOM,DOM,13390.010,True
2/19/2023 10:00:00 AM,2/19/2023 5:00:00 AM,SERC,SOUTH,DOM,DOM,13510.932,True
2/19/2023 11:00:00 AM,2/19/2023 6:00:00 AM,SERC,SOUTH,DOM,DOM,13900.994,True
2/19/2023 12:00:00 PM,2/19/2023 7:00:00 AM,SERC,SOUTH,DOM,DOM,14138.997,True
2/19/2023 1:00:00 PM,2/19/2023 8:00:00 AM,SERC,SOUTH,DOM,DOM,14120.001,True
2/19/2023 2:00:00 PM,2/19/2023 9:00:00 AM,SERC,SOUTH,DOM,DOM,13469.468,True
2/19/2023 3:00:00 PM,2/19/2023 10:00:00 AM,SERC,SOUTH,DOM,DOM,12636.959,True
2/19/2023 4:00:00 PM,2/19/2023 11:00:00 AM,SERC,SOUTH,DOM,DOM,12082.451,True
2/19/2023 5:00:00 PM,2/19/2023 12:00:00 PM,SERC,SOUTH,DOM,DOM,11725.981,True
2/19/2023 6:00:00 PM,2/19/2023 1:00:00 PM,SERC,SOUTH,DOM,DOM,11340.677,True
2/19/2023 7:00:00 PM,2/19/2023 2:00:00 PM,SERC,SOUTH,DOM,DOM,11211.430,True
2/19/2023 8:00:00 PM,2/19/2023 3:00:00 PM,SERC,SOUTH,DOM,DOM,11391.876,True
2/19/2023 9:00:00 PM,2/19/2023 4:00:00 PM,SERC,SOUTH,DOM,DOM,11675.310,True
2/19/2023 10:00:00 PM,2/19/2023 5:00:00 PM,SERC,SOUTH,DOM,DOM,12246.151,True
2/19/2023 11:00:00 PM,2/19/2023 6:00:00 PM,SERC,SOUTH,DOM,DOM,12773.497,True
2/20/2023 12:00:00 AM,2/19/2023 7:00:00 PM,SERC,SOUTH,DOM,DOM,12700.660,True
2/20/2023 1:00:00 AM,2/19/2023 8:00:00 PM,SERC,SOUTH,DOM,DOM,12479.011,True
2/20/2023 2:00:00 AM,2/19/2023 9:00:00 PM,SERC,SOUTH,DOM,DOM,12124.608,True
2/20/2023 3:00:00 AM,2/19/2023 10:00:00 PM,SERC,SOUTH,DOM,DOM,11723.903,True
2/20/2023 4:00:00 AM,2/19/2023 11:00:00 PM,SERC,SOUTH,DOM,DOM,11302.560,True
2/20/2023 5:00:00 AM,2/20/2023 12:00:00 AM,SERC,SOUTH,DOM,DOM,10962.583,True
2/20/2023 6:00:00 AM,2/20/2023 1:00:00 AM,SERC,SOUTH,DOM,DOM,10773.200,True
2/20/2023 7:00:00 AM,2/20/2023 2:00:00 AM,SERC,SOUTH,DOM,DOM,10703.151,True
2/20/2023 8:00:00 AM,2/20/2023 3:00:00 AM,SERC,SOUTH,DOM,DOM,10701.270,True
2/20/2023 9:00:00 AM,2/20/2023 4:00:00 AM,SERC,SOUTH,DOM,DOM,11005.893,True
2/20/2023 10:00:00 AM,2/20/2023 5:00:00 AM,SERC,SOUTH,DOM,DOM,11570.800,True
2/20/2023 11:00:00 AM,2/20/2023 6:00:00 AM,SERC,SOUTH,DOM,DOM,12241.940,True
2/20/2023 12:00:00 PM,2/20/2023 7:00:00 AM,SERC,SOUTH,DOM,DOM,12642.995,True
2/20/2023 1:00:00 PM,2/20/2023 8:00:00 AM,SERC,SOUTH,DOM,DOM,12827.682,True
2/20/2023 2:00:00 PM,2/20/2023 9:00:00 AM,SERC,SOUTH,DOM,DOM,12912.944,True
2/20/2023 3:00:00 PM,2/20/2023 10:00:00 AM,SERC,SOUTH,DOM,DOM,12777.054,True
2/20/2023 4:00:00 PM,2/20/2023 11:00:00 AM,SERC,SOUTH,DOM,DOM,12627.620,True
2/20/2023 5:00:00 PM,2/20/2023 12:00:00 PM,SERC,SOUTH,DOM,DOM,12565.543,True
2/20/2023 6:00:00 PM,2/20/2023 1:00:00 PM,SERC,SOUTH,DOM,DOM,12493.772,True
2/20/2023 7:00:00 PM,2/20/2023 2:00:00 PM,SERC,SOUTH,DOM,DOM,12395.248,True
2/20/2023 8:00:00 PM,2/20/2023 3:00:00 PM,SERC,SOUTH,DOM,DOM,12404.447,True
2/20/2023 9:00:00 PM,2/20/2023 4:00:00 PM,SERC,SOUTH,DOM,DOM,12628.777,True
2/20/2023 10:00:00 PM,2/20/2023 5:00:00 PM,SERC,SOUTH,DOM,DOM,12972.301,True
2/20/2023 11:00:00 PM,2/20/2023 6:00:00 PM,SERC,SOUTH,DOM,DOM,13491.963,True
2/21/2023 12:00:00 AM,2/20/2023 7:00:00 PM,SERC,SOUTH,DOM,DOM,13442.464,True
2/21/2023 1:00:00 AM,2/20/2023 8:00:00 PM,SERC,SOUTH,DOM,DOM,13112.822,True
2/21/2023 2:00:00 AM,2/20/2023 9:00:00 PM,SERC,SOUTH,DOM,DOM,12581.544,True
2/21/2023 3:00:00 AM,2/20/2023 10:00:00 PM,SERC,SOUTH,DOM,DOM,11985.016,True
2/21/2023 4:00:00 AM,2/20/2023 11:00:00 PM,SERC,SOUTH,DOM,DOM,11416.646,True
2/21/2023 5:00:00 AM,2/21/2023 12:00:00 AM,SERC,SOUTH,DOM,DOM,11055.897,True
2/21/2023 6:00:00 AM,2/21/2023 1:00:00 AM,SERC,SOUTH,DOM,DOM,10875.386,True
2/21/2023 7:00:00 AM,2/21/2023 2:00:00 AM,SERC,SOUTH,DOM,DOM,10837.161,True
2/21/2023 8:00:00 AM,2/21/2023 3:00:00 AM,SERC,SOUTH,DOM,DOM,10877.632,True
2/21/2023 9:00:00 AM,2/21/2023 4:00:00 AM,SERC,SOUTH,DOM,DOM,11184.300,True
2/21/2023 10:00:00 AM,2/21/2023 5:00:00 AM,SERC,SOUTH,DOM,DOM,11902.818,True
2/21/2023 11:00:00 AM,2/21/2023 6:00:00 AM,SERC,SOUTH,DOM,DOM,12856.268,True
2/21/2023 12:00:00 PM,2/21/2023 7:00:00 AM,SERC,SOUTH,DOM,DOM,13229.131,True
2/21/2023 1:00:00 PM,2/21/2023 8:00:00 AM,SERC,SOUTH,DOM,DOM,12770.068,True
2/21/2023 2:00:00 PM,2/21/2023 9:00:00 AM,SERC,SOUTH,DOM,DOM,12096.520,True
2/21/2023 3:00:00 PM,2/21/2023 10:00:00 AM,SERC,SOUTH,DOM,DOM,11641.557,True
2/21/2023 4:00:00 PM,2/21/2023 11:00:00 AM,SERC,SOUTH,DOM,DOM,11448.538,True
2/21/2023 5:00:00 PM,2/21/2023 12:00:00 PM,SERC,SOUTH,DOM,DOM,11377.101,True
2/21/2023 6:00:00 PM,2/21/2023 1:00:00 PM,SERC,SOUTH,DOM,DOM,11412.319,True
2/21/2023 7:00:00 PM,2/21/2023 2:00:00 PM,SERC,SOUTH,DOM,DOM,11415.844,True
2/21/2023 8:00:00 PM,2/21/2023 3:00:00 PM,SERC,SOUTH,DOM,DOM,11485.875,True
2/21/2023 9:00:00 PM,2/21/2023 4:00:00 PM,SERC,SOUTH,DOM,DOM,11762.901,True
2/21/2023 10:00:00 PM,2/21/2023 5:00:00 PM,SERC,SOUTH,DOM,DOM,12257.468,True
2/21/2023 11:00:00 PM,2/21/2023 6:00:00 PM,SERC,SOUTH,DOM,DOM,12864.472,True
2/22/2023 12:00:00 AM,2/21/2023 7:00:00 PM,SERC,SOUTH,DOM,DOM,12817.831,True
2/22/2023 1:00:00 AM,2/21/2023 8:00:00 PM,SERC,SOUTH,DOM,DOM,12575.208,True
2/22/2023 2:00:00 AM,2/21/2023 9:00:00 PM,SERC,SOUTH,DOM,DOM,12173.650,True
2/22/2023 3:00:00 AM,2/21/2023 10:00:00 PM,SERC,SOUTH,DOM,DOM,11642.864,True
2/22/2023 4:00:00 AM,2/21/2023 11:00:00 PM,SERC,SOUTH,DOM,DOM,11159.019,True
2/22/2023 5:00:00 AM,2/22/2023 12:00:00 AM,SERC,SOUTH,DOM,DOM,10966.311,True
2/22/2023 6:00:00 AM,2/22/2023 1:00:00 AM,SERC,SOUTH,DOM,DOM,10849.286,True
2/22/2023 7:00:00 AM,2/22/2023 2:00:00 AM,SERC,SOUTH,DOM,DOM,10943.457,True
2/22/2023 8:00:00 AM,2/22/2023 3:00:00 AM,SERC,SOUTH,DOM,DOM,11102.072,True
2/22/2023 9:00:00 AM,2/22/2023 4:00:00 AM,SERC,SOUTH,DOM,DOM,11480.893,True
2/22/2023 10:00:00 AM,2/22/2023 5:00:00 AM,SERC,SOUTH,DOM,DOM,12201.771,True
2/22/2023 11:00:00 AM,2/22/2023 6:00:00 AM,SERC,SOUTH,DOM,DOM,13266.850,True
2/22/2023 12:00:00 PM,2/22/2023 7:00:00 AM,SERC,SOUTH,DOM,DOM,13589.647,True
2/22/2023 1:00:00 PM,2/22/2023 8:00:00 AM,SERC,SOUTH,DOM,DOM,13369.907,True
2/22/2023 2:00:00 PM,2/22/2023 9:00:00 AM,SERC,SOUTH,DOM,DOM,13114.506,True
2/22/2023 3:00:00 PM,2/22/2023 10:00:00 AM,SERC,SOUTH,DOM,DOM,12855.839,True
2/22/2023 4:00:00 PM,2/22/2023 11:00:00 AM,SERC,SOUTH,DOM,DOM,12410.054,True
2/22/2023 5:00:00 PM,2/22/2023 12:00:00 PM,SERC,SOUTH,DOM,DOM,12008.116,True
2/22/2023 6:00:00 PM,2/22/2023 1:00:00 PM,SERC,SOUTH,DOM,DOM,11854.299,True
2/22/2023 7:00:00 PM,2/22/2023 2:00:00 PM,SERC,SOUTH,DOM,DOM,11761.793,True
2/22/2023 8:00:00 PM,2/22/2023 3:00:00 PM,SERC,SOUTH,DOM,DOM,11851.524,True
2/22/2023 9:00:00 PM,2/22/2023 4:00:00 PM,SERC,SOUTH,DOM,DOM,12156.512,True
2/22/2023 10:00:00 PM,2/22/2023 5:00:00 PM,SERC,SOUTH,DOM,DOM,12662.137,True
2/22/2023 11:00:00 PM,2/22/2023 6:00:00 PM,SERC,SOUTH,DOM,DOM,13091.102,True
2/23/2023 12:00:00 AM,2/22/2023 7:00:00 PM,SERC,SOUTH,DOM,DOM,13024.043,True
2/23/2023 1:00:00 AM,2/22/2023 8:00:00 PM,SERC,SOUTH,DOM,DOM,12720.356,True
2/23/2023 2:00:00 AM,2/22/2023 9:00:00 PM,SERC,SOUTH,DOM,DOM,12333.861,True
2/23/2023 3:00:00 AM,2/22/2023 10:00:00 PM,SERC,SOUTH,DOM,DOM,11768.268,True
2/23/2023 4:00:00 AM,2/22/2023 11:00:00 PM,SERC,SOUTH,DOM,DOM,11272.675,True
2/23/2023 5:00:00 AM,2/23/2023 12:00:00 AM,SERC,SOUTH,DOM,DOM,10863.865,True
2/23/2023 6:00:00 AM,2/23/2023 1:00:00 AM,SERC,SOUTH,DOM,DOM,10599.972,True
2/23/2023 7:00:00 AM,2/23/2023 2:00:00 AM,SERC,SOUTH,DOM,DOM,10507.217,True
2/23/2023 8:00:00 AM,2/23/2023 3:00:00 AM,SERC,SOUTH,DOM,DOM,10465.863,True
2/23/2023 9:00:00 AM,2/23/2023 4:00:00 AM,SERC,SOUTH,DOM,DOM,10631.876,True
2/23/2023 10:00:00 AM,2/23/2023 5:00:00 AM,SERC,SOUTH,DOM,DOM,11230.161,True
2/23/2023 11:00:00 AM,2/23/2023 6:00:00 AM,SERC,SOUTH,DOM,DOM,12087.256,True
2/23/2023 12:00:00 PM,2/23/2023 7:00:00 AM,SERC,SOUTH,DOM,DOM,12462.589,True
2/23/2023 1:00:00 PM,2/23/2023 8:00:00 AM,SERC,SOUTH,DOM,DOM,12184.374,True
2/23/2023 2:00:00 PM,2/23/2023 9:00:00 AM,SERC,SOUTH,DOM,DOM,12020.412,True
2/23/2023 3:00:00 PM,2/23/2023 10:00:00 AM,SERC,SOUTH,DOM,DOM,11898.147,True
2/23/2023 4:00:00 PM,2/23/2023 11:00:00 AM,SERC,SOUTH,DOM,DOM,11785.932,True
2/23/2023 5:00:00 PM,2/23/2023 12:00:00 PM,SERC,SOUTH,DOM,DOM,11950.716,True
2/23/2023 6:00:00 PM,2/23/2023 1:00:00 PM,SERC,SOUTH,DOM,DOM,12237.544,True
2/23/2023 7:00:00 PM,2/23/2023 2:00:00 PM,SERC,SOUTH,DOM,DOM,12268.236,True
2/23/2023 8:00:00 PM,2/23/2023 3:00:00 PM,SERC,SOUTH,DOM,DOM,12375.772,True
2/23/2023 9:00:00 PM,2/23/2023 4:00:00 PM,SERC,SOUTH,DOM,DOM,12600.889,True
2/23/2023 10:00:00 PM,2/23/2023 5:00:00 PM,SERC,SOUTH,DOM,DOM,12827.586,True
2/23/2023 11:00:00 PM,2/23/2023 6:00:00 PM,SERC,SOUTH,DOM,DOM,13245.069,True
2/24/2023 12:00:00 AM,2/23/2023 7:00:00 PM,SERC,SOUTH,DOM,DOM,13112.315,True
2/24/2023 1:00:00 AM,2/23/2023 8:00:00 PM,SERC,SOUTH,DOM,DOM,12770.849,True
2/24/2023 2:00:00 AM,2/23/2023 9:00:00 PM,SERC,SOUTH,DOM,DOM,12235.407,True
2/24/2023 3:00:00 AM,2/23/2023 10:00:00 PM,SERC,SOUTH,DOM,DOM,11540.212,True
2/24/2023 4:00:00 AM,2/23/2023 11:00:00 PM,SERC,SOUTH,DOM,DOM,10777.427,True
2/24/2023 5:00:00 AM,2/24/2023 12:00:00 AM,SERC,SOUTH,DOM,DOM,10315.127,True
2/24/2023 6:00:00 AM,2/24/2023 1:00:00 AM,SERC,SOUTH,DOM,DOM,9999.254,True
2/24/2023 7:00:00 AM,2/24/2023 2:00:00 AM,SERC,SOUTH,DOM,DOM,9893.885,True
2/24/2023 8:00:00 AM,2/24/2023 3:00:00 AM,SERC,SOUTH,DOM,DOM,9858.121,True
2/24/2023 9:00:00 AM,2/24/2023 4:00:00 AM,SERC,SOUTH,DOM,DOM,10045.734,True
2/24/2023 10:00:00 AM,2/24/2023 5:00:00 AM,SERC,SOUTH,DOM,DOM,10514.729,True
2/24/2023 11:00:00 AM,2/24/2023 6:00:00 AM,SERC,SOUTH,DOM,DOM,11397.369,True
2/24/2023 12:00:00 PM,2/24/2023 7:00:00 AM,SERC,SOUTH,DOM,DOM,11776.707,True
2/24/2023 1:00:00 PM,2/24/2023 8:00:00 AM,SERC,SOUTH,DOM,DOM,11633.161,True
2/24/2023 2:00:00 PM,2/24/2023 9:00:00 AM,SERC,SOUTH,DOM,DOM,11520.329,True
2/24/2023 3:00:00 PM,2/24/2023 10:00:00 AM,SERC,SOUTH,DOM,DOM,11379.988,True
2/24/2023 4:00:00 PM,2/24/2023 11:00:00 AM,SERC,SOUTH,DOM,DOM,11391.717,True
2/24/2023 5:00:00 PM,2/24/2023 12:00:00 PM,SERC,SOUTH,DOM,DOM,11390.080,True
2/24/2023 6:00:00 PM,2/24/2023 1:00:00 PM,SERC,SOUTH,DOM,DOM,11353.610,True
2/24/2023 7:00:00 PM,2/24/2023 2:00:00 PM,SERC,SOUTH,DOM,DOM,11408.156,True
2/24/2023 8:00:00 PM,2/24/2023 3:00:00 PM,SERC,SOUTH,DOM,DOM,11599.345,True
2/24/2023 9:00:00 PM,2/24/2023 4:00:00 PM,SERC,SOUTH,DOM,DOM,11815.133,True
2/24/2023 10:00:00 PM,2/24/2023 5:00:00 PM,SERC,SOUTH,DOM,DOM,12203.883,True
2/24/2023 11:00:00 PM,2/24/2023 6:00:00 PM,SERC,SOUTH,DOM,DOM,12632.311,True
2/25/2023 12:00:00 AM,2/24/2023 7:00:00 PM,SERC,SOUTH,DOM,DOM,12582.306,True
2/25/2023 1:00:00 AM,2/24/2023 8:00:00 PM,SERC,SOUTH,DOM,DOM,12457.510,True
2/25/2023 2:00:00 AM,2/24/2023 9:00:00 PM,SERC,SOUTH,DOM,DOM,12205.644,True
2/25/2023 3:00:00 AM,2/24/2023 10:00:00 PM,SERC,SOUTH,DOM,DOM,11905.904,True
2/25/2023 4:00:00 AM,2/24/2023 11:00:00 PM,SERC,SOUTH,DOM,DOM,11564.602,True
2/25/2023 5:00:00 AM,2/25/2023 12:00:00 AM,SERC,SOUTH,DOM,DOM,11322.094,True
2/25/2023 6:00:00 AM,2/25/2023 1:00:00 AM,SERC,SOUTH,DOM,DOM,11189.370,True
2/25/2023 7:00:00 AM,2/25/2023 2:00:00 AM,SERC,SOUTH,DOM,DOM,11229.431,True
2/25/2023 8:00:00 AM,2/25/2023 3:00:00 AM,SERC,SOUTH,DOM,DOM,11386.048,True
2/25/2023 9:00:00 AM,2/25/2023 4:00:00 AM,SERC,SOUTH,DOM,DOM,11661.345,True
2/25/2023 10:00:00 AM,2/25/2023 5:00:00 AM,SERC,SOUTH,DOM,DOM,12163.852,True
2/25/2023 11:00:00 AM,2/25/2023 6:00:00 AM,SERC,SOUTH,DOM,DOM,12813.665,True
2/25/2023 12:00:00 PM,2/25/2023 7:00:00 AM,SERC,SOUTH,DOM,DOM,13304.779,True
2/25/2023 1:00:00 PM,2/25/2023 8:00:00 AM,SERC,SOUTH,DOM,DOM,13501.013,True
2/25/2023 2:00:00 PM,2/25/2023 9:00:00 AM,SERC,SOUTH,DOM,DOM,13689.712,True
2/25/2023 3:00:00 PM,2/25/2023 10:00:00 AM,SERC,SOUTH,DOM,DOM,13812.938,True
2/25/2023 4:00:00 PM,2/25/2023 11:00:00 AM,SERC,SOUTH,DOM,DOM,13826.071,True
2/25/2023 5:00:00 PM,2/25/2023 12:00:00 PM,SERC,SOUTH,DOM,DOM,13806.804,True
2/25/2023 6:00:00 PM,2/25/2023 1:00:00 PM,SERC,SOUTH,DOM,DOM,13729.460,True
2/25/2023 7:00:00 PM,2/25/2023 2:00:00 PM,SERC,SOUTH,DOM,DOM,13740.416,True
2/25/2023 8:00:00 PM,2/25/2023 3:00:00 PM,SERC,SOUTH,DOM,DOM,13816.373,True
2/25/2023 9:00:00 PM,2/25/2023 4:00:00 PM,SERC,SOUTH,DOM,DOM,13975.201,True
2/25/2023 10:00:00 PM,2/25/2023 5:00:00 PM,SERC,SOUTH,DOM,DOM,14180.859,True
2/25/2023 11:00:00 PM,2/25/2023 6:00:00 PM,SERC,SOUTH,DOM,DOM,14406.046,True
2/26/2023 12:00:00 AM,2/25/2023 7:00:00 PM,SERC,SOUTH,DOM,DOM,14169.770,True
2/26/2023 1:00:00 AM,2/25/2023 8:00:00 PM,SERC,SOUTH,DOM,DOM,13959.820,True
2/26/2023 2:00:00 AM,2/25/2023 9:00:00 PM,SERC,SOUTH,DOM,DOM,13607.187,True
2/26/2023 3:00:00 AM,2/25/2023 10:00:00 PM,SERC,SOUTH,DOM,DOM,13180.308,True
2/26/2023 4:00:00 AM,2/25/2023 11:00:00 PM,SERC,SOUTH,DOM,DOM,12776.261,True
2/26/2023 5:00:00 AM,2/26/2023 12:00:00 AM,SERC,SOUTH,DOM,DOM,12422.241,True
2/26/2023 6:00:00 AM,2/26/2023 1:00:00 AM,SERC,SOUTH,DOM,DOM,12215.290,True
2/26/2023 7:00:00 AM,2/26/2023 2:00:00 AM,SERC,SOUTH,DOM,DOM,12119.522,True
2/26/2023 8:00:00 AM,2/26/2023 3:00:00 AM,SERC,SOUTH,DOM,DOM,12127.125,True
2/26/2023 9:00:00 AM,2/26/2023 4:00:00 AM,SERC,SOUTH,DOM,DOM,12237.459,True
2/26/2023 10:00:00 AM,2/26/2023 5:00:00 AM,SERC,SOUTH,DOM,DOM,12494.875,True
2/26/2023 11:00:00 AM,2/26/2023 6:00:00 AM,SERC,SOUTH,DOM,DOM,12910.820,True
2/26/2023 12:00:00 PM,2/26/2023 7:00:00 AM,SERC,SOUTH,DOM,DOM,13290.235,True
2/26/2023 1:00:00 PM,2/26/2023 8:00:00 AM,SERC,SOUTH,DOM,DOM,13664.862,True
2/26/2023 2:00:00 PM,2/26/2023 9:00:00 AM,SERC,SOUTH,DOM,DOM,13762.924,True
2/26/2023 3:00:00 PM,2/26/2023 10:00:00 AM,SERC,SOUTH,DOM,DOM,13441.607,True
2/26/2023 4:00:00 PM,2/26/2023 11:00:00 AM,SERC,SOUTH,DOM,DOM,13005.540,True
2/26/2023 5:00:00 PM,2/26/2023 12:00:00 PM,SERC,SOUTH,DOM,DOM,12550.054,True
2/26/2023 6:00:00 PM,2/26/2023 1:00:00 PM,SERC,SOUTH,DOM,DOM,12059.170,True
2/26/2023 7:00:00 PM,2/26/2023 2:00:00 PM,SERC,SOUTH,DOM,DOM,11568.015,True
2/26/2023 8:00:00 PM,2/26/2023 3:00:00 PM,SERC,SOUTH,DOM,DOM,11321.718,True
2/26/2023 9:00:00 PM,2/26/2023 4:00:00 PM,SERC,SOUTH,DOM,DOM,11550.406,True
2/26/2023 10:00:00 PM,2/26/2023 5:00:00 PM,SERC,SOUTH,DOM,DOM,12231.232,True
2/26/2023 11:00:00 PM,2/26/2023 6:00:00 PM,SERC,SOUTH,DOM,DOM,13054.979,True
2/27/2023 12:00:00 AM,2/26/2023 7:00:00 PM,SERC,SOUTH,DOM,DOM,13248.877,True
2/27/2023 1:00:00 AM,2/26/2023 8:00:00 PM,SERC,SOUTH,DOM,DOM,13138.147,True
2/27/2023 2:00:00 AM,2/26/2023 9:00:00 PM,SERC,SOUTH,DOM,DOM,12813.850,True
2/27/2023 3:00:00 AM,2/26/2023 10:00:00 PM,SERC,SOUTH,DOM,DOM,12340.239,True
2/27/2023 4:00:00 AM,2/26/2023 11:00:00 PM,SERC,SOUTH,DOM,DOM,11899.370,True
2/27/2023 5:00:00 AM,2/27/2023 12:00:00 AM,SERC,SOUTH,DOM,DOM,11663.382,True
2/27/2023 6:00:00 AM,2/27/2023 1:00:00 AM,SERC,SOUTH,DOM,DOM,11604.579,True
2/27/2023 7:00:00 AM,2/27/2023 2:00:00 AM,SERC,SOUTH,DOM,DOM,11708.382,True
2/27/2023 8:00:00 AM,2/27/2023 3:00:00 AM,SERC,SOUTH,DOM,DOM,11914.030,True
2/27/2023 9:00:00 AM,2/27/2023 4:00:00 AM,SERC,SOUTH,DOM,DOM,12398.228,True
2/27/2023 10:00:00 AM,2/27/2023 5:00:00 AM,SERC,SOUTH,DOM,DOM,13244.306,True
2/27/2023 11:00:00 AM,2/27/2023 6:00:00 AM,SERC,SOUTH,DOM,DOM,14386.505,True
2/27/2023 12:00:00 PM,2/27/2023 7:00:00 AM,SERC,SOUTH,DOM,DOM,14785.780,True
2/27/2023 1:00:00 PM,2/27/2023 8:00:00 AM,SERC,SOUTH,DOM,DOM,14320.328,True
2/27/2023 2:00:00 PM,2/27/2023 9:00:00 AM,SERC,SOUTH,DOM,DOM,13547.732,True
2/27/2023 3:00:00 PM,2/27/2023 10:00:00 AM,SERC,SOUTH,DOM,DOM,13031.970,True
2/27/2023 4:00:00 PM,2/27/2023 11:00:00 AM,SERC,SOUTH,DOM,DOM,12836.090,True
2/27/2023 5:00:00 PM,2/27/2023 12:00:00 PM,SERC,SOUTH,DOM,DOM,12735.259,True
2/27/2023 6:00:00 PM,2/27/2023 1:00:00 PM,SERC,SOUTH,DOM,DOM,12652.380,True
2/27/2023 7:00:00 PM,2/27/2023 2:00:00 PM,SERC,SOUTH,DOM,DOM,12460.088,True
2/27/2023 8:00:00 PM,2/27/2023 3:00:00 PM,SERC,SOUTH,DOM,DOM,12528.695,True
2/27/2023 9:00:00 PM,2/27/2023 4:00:00 PM,SERC,SOUTH,DOM,DOM,12867.001,True
2/27/2023 10:00:00 PM,2/27/2023 5:00:00 PM,SERC,SOUTH,DOM,DOM,13555.719,True
2/27/2023 11:00:00 PM,2/27/2023 6:00:00 PM,SERC,SOUTH,DOM,DOM,13942.327,True
2/28/2023 12:00:00 AM,2/27/2023 7:00:00 PM,SERC,SOUTH,DOM,DOM,13876.706,True
2/28/2023 1:00:00 AM,2/27/2023 8:00:00 PM,SERC,SOUTH,DOM,DOM,13555.975,True
2/28/2023 2:00:00 AM,2/27/2023 9:00:00 PM,SERC,SOUTH,DOM,DOM,13034.300,True
2/28/2023 3:00:00 AM,2/27/2023 10:00:00 PM,SERC,SOUTH,DOM,DOM,12342.656,True
2/28/2023 4:00:00 AM,2/27/2023 11:00:00 PM,SERC,SOUTH,DOM,DOM,11744.710,True
2/28/2023 5:00:00 AM,2/28/2023 12:00:00 AM,SERC,SOUTH,DOM,DOM,11329.235,True
2/28/2023 6:00:00 AM,2/28/2023 1:00:00 AM,SERC,SOUTH,DOM,DOM,11104.011,True
2/28/2023 7:00:00 AM,2/28/2023 2:00:00 AM,SERC,SOUTH,DOM,DOM,11019.919,True
2/28/2023 8:00:00 AM,2/28/2023 3:00:00 AM,SERC,SOUTH,DOM,DOM,11044.181,True
2/28/2023 9:00:00 AM,2/28/2023 4:00:00 AM,SERC,SOUTH,DOM,DOM,11342.120,True
2/28/2023 10:00:00 AM,2/28/2023 5:00:00 AM,SERC,SOUTH,DOM,DOM,12034.080,True
2/28/2023 11:00:00 AM,2/28/2023 6:00:00 AM,SERC,SOUTH,DOM,DOM,12933.702,True
2/28/2023 12:00:00 PM,2/28/2023 7:00:00 AM,SERC,SOUTH,DOM,DOM,13296.190,True
2/28/2023 1:00:00 PM,2/28/2023 8:00:00 AM,SERC,SOUTH,DOM,DOM,12979.850,True
2/28/2023 2:00:00 PM,2/28/2023 9:00:00 AM,SERC,SOUTH,DOM,DOM,12514.233,True
2/28/2023 3:00:00 PM,2/28/2023 10:00:00 AM,SERC,SOUTH,DOM,DOM,12174.787,True
2/28/2023 4:00:00 PM,2/28/2023 11:00:00 AM,SERC,SOUTH,DOM,DOM,11782.750,True
2/28/2023 5:00:00 PM,2/28/2023 12:00:00 PM,SERC,SOUTH,DOM,DOM,11433.050,True
2/28/2023 6:00:00 PM,2/28/2023 1:00:00 PM,SERC,SOUTH,DOM,DOM,11250.724,True
2/28/2023 7:00:00 PM,2/28/2023 2:00:00 PM,SERC,SOUTH,DOM,DOM,11174.742,True
2/28/2023 8:00:00 PM,2/28/2023 3:00:00 PM,SERC,SOUTH,DOM,DOM,11243.549,True
2/28/2023 9:00:00 PM,2/28/2023 4:00:00 PM,SERC,SOUTH,DOM,DOM,11551.618,True
2/28/2023 10:00:00 PM,2/28/2023 5:00:00 PM,SERC,SOUTH,DOM,DOM,12084.391,True
2/28/2023 11:00:00 PM,2/28/2023 6:00:00 PM,SERC,SOUTH,DOM,DOM,12718.729,True
3/1/2023 12:00:00 AM,2/28/2023 7:00:00 PM,SERC,SOUTH,DOM,DOM,12778.093,True
3/1/2023 1:00:00 AM,2/28/2023 8:00:00 PM,SERC,SOUTH,DOM,DOM,12544.840,True
3/1/2023 2:00:00 AM,2/28/2023 9:00:00 PM,SERC,SOUTH,DOM,DOM,12178.509,True
3/1/2023 3:00:00 AM,2/28/2023 10:00:00 PM,SERC,SOUTH,DOM,DOM,11676.764,True
3/1/2023 4:00:00 AM,2/28/2023 11:00:00 PM,SERC,SOUTH,DOM,DOM,11256.972,True
